,month,D411_pctchng,D422_pctchng
0,2,,
1,3,inf,1.6331858407079642
2,4,2.6765957446808515,0.5677365148714504
3,5,0.5366898148148145,-0.29996998799519814
4,6,0.09522733549245577,0.18062573368039603
